"AD";"Andorra";"Andorra";"Andorra";"Andorra";"Andorre";"Andorra";"Андорра";"Andorra";"Andorra";"Andorra";"Andorra";"Andorra";"Andorra";;;;;;;;;;;;;
"AE";"United Arab Emirates";"Emiratos Árabes Unidos";"Vereinigte Arabische Emirate";"Emirati Arabi Uniti";"Émirats arabes unis";"Emiratele Arabe";"Объединенные Арабские Эмираты";"Egyesült Arab Emírségek";"Verenigde Arabische Emiraten";"Birleşik Arap Emirlikleri";"Emirados Árabes Unidos";"Förenade Arabemiraten";"Forenede Arabiske Emirater";;;;;;;;;;;;;
"AF";"Afghanistan";"Afganistán";"Afghanistan";"Afghanistan";"Afghanistan";"Afganistan";"Афганистан";"Afganisztán";"Afghanistan";"Afganistan";"Afeganistão";"Afghanistan";"Afghanistan";;;;;;;;;;;;;
"AG";"Antigua and Barbuda";"Antigua y Barbuda";"Antigua und Barbuda";"Antigua e Barbuda";"Antigua-et-Barbuda";"Antigua şi Barbuda";"Антигуа и Барбуда";"Antigua és Barbuda";"Antigua en Barbuda";"Antigua ve Barbuda";"Antígua e Barbuda";"Antigua och Barbuda";"Antigua og Barbuda";;;;;;;;;;;;;
"AI";"Anguilla";"Anguila (dependencia)";"Anguilla";"Anguilla (isola)";"Anguilla";"Anguilla";"Ангилья";"Anguilla";"Anguilla";"Anguilla";"Anguilla";"Anguilla";"Anguilla";;;;;;;;;;;;;
"AL";"Albania";"Albania";"Albanien";"Albania";"Albanie";"Albania";"Албания";"Albánia";"Albanië";"Arnavutluk";"Albânia";"Albanien";"Albanien";;;;;;;;;;;;;
"AM";"Armenia";"Armenia";"Armenien";"Armenia";"Arménie";"Armenia";"Армения";"Örményország";"Armenië";"Ermenistan";"Armênia";"Armenien";"Armenien";;;;;;;;;;;;;
"AN";"Netherlands Antilles";"Antillas Neerlandesas";"Niederländische Antillen";"Antille olandesi";"Antilles néerlandaises";"Antilele Olandeze";"Нидерландские Антильские острова";"Holland Antillák";"Nederlandse Antillen";"Hollanda Antilleri";"Antilhas Holandesas";"Nederländska Antillerna";"Nederlandske Antiller";;;;;;;;;;;;;
"AO";"Angola";"Angola";"Angola";"Angola";"Angola";"Angola";"Ангола";"Angola";"Angola";"Angola";"Angola";"Angola";"Angola";;;;;;;;;;;;;
"AQ";"Antarctica";"Antártida";"Antarktis";"Antartide";"Antarctique";"Antarctica";"Антарктика";"Antarktisz";"Antarctica";"Antarktika";"Antártida";"Antarktis";"Antarktis";;;;;;;;;;;;;
"AR";"Argentina";"Argentina";"Argentinien";"Argentina";"Argentine";"Argentina";"Аргентина";"Argentína";"Argentinië";"Arjantin";"Argentina";"Argentina";"Argentina";;;;;;;;;;;;;
"AS";"American Samoa";"Samoa Estadounidense";"Amerikanisch-Samoa";"Samoa americane";"Samoa américaines";"Samoa Americană";"Американское Самоа";"Amerikai Szamoa";"Amerikaans-Samoa";"Amerikan Samoası";"Samoa Americana";"Amerikanska Samoa";"Amerikansk Samoa";;;;;;;;;;;;;
"AT";"Austria";"Austria";"Österreich";"Austria";"Autriche";"Austria";"Австрия";"Ausztria";"Oostenrijk";"Avusturya";"Áustria";"Österrike";"Østrig";;;;;;;;;;;;;
"AU";"Australia";"Australia";"Australien";"Australia";"Australie";"Australia";"Австралия";"Ausztrália";"Australië";"Avustralya";"Austrália";"Australien";"Australien";;;;;;;;;;;;;
"AW";"Aruba";"Aruba";"Aruba";"Aruba";"Aruba";"Aruba";"Аруба";"Aruba";"Aruba";"Aruba";"Aruba";"Aruba";"Aruba";;;;;;;;;;;;;
"AX";"Åland Islands";"Åland";"Åland";"Isole Åland";"Åland";"Insulele Åland";"Аландские острова";"Åland-szigetek";"Alandseilanden";"Aland Adaları";"Åland";"Åland";"Åland";;;;;;;;;;;;;
"AZ";"Azerbaijan";"Azerbaiyán";"Aserbaidschan";"Azerbaigian";"Azerbaïdjan";"Azerbaidjan";"Азербайджан";"Azerbajdzsán";"Azerbeidzjan";"Azerbaycan";"Azerbaijão";"Azerbajdzjan";"Aserbajdsjan";;;;;;;;;;;;;
"BA";"Bosnia and Herzegovina";"Bosnia y Herzegovina";"Bosnien und Herzegowina";"Bosnia-Erzegovina";"Bosnie-Herzégovine";"Bosnia şi Herţegovina";"Босния и Герцеговина";"Bosznia-Hercegovina";"Bosnië en Herzegovina";"Bosna Hersek";"Bósnia-Herzegovina";"Bosnien och Hercegovina";"Bosnien og Hercegovina";;;;;;;;;;;;;
"BB";"Barbados";"Barbados";"Barbados";"Barbados";"Barbade";"Barnaros";"Барбадос";"Barbados";"Barbados";"Barbados";"Barbados";"Barbados";"Barbados";;;;;;;;;;;;;
"BD";"Bangladesh";"Bangladesh";"Bangladesch";"Bangladesh";"Bangladesh";"Bangladeș";"Бангладеш";"Banglades";"Bangladesh";"Bangladeş ";"Bangladesh";"Bangladesh";"Bangladesh";;;;;;;;;;;;;
"BE";"Belgium";"Bélgica";"Belgien";"Belgio";"Belgique";"Belgia";"Бельгия";"Belgium";"België";"Belçika ";"Bélgica";"Belgien";"Belgien";;;;;;;;;;;;;
"BF";"Burkina Faso";"Burkina Faso";"Burkina Faso";"Burkina Faso";"Burkina Faso";"Burkina Faso";"Буркина Фасо";"Burkina Faso";"Burkina Faso";"Burkina Faso";"Burkina Faso";"Burkina Faso";"Burkina Faso";;;;;;;;;;;;;
"BG";"Bulgaria";"Bulgaria";"Bulgarien";"Bulgaria";"Bulgarie";"Bulgaria";"Болгария";"Bulgária";"Bulgarije";"Bulgaristan";"Bulgária";"Bulgarien";"Bulgarien";;;;;;;;;;;;;
"BH";"Bahrain";"Bahréin";"Bahrain";"Bahrain";"Bahreïn";"Bahrein";"Бахрейн";"Bahrein";"Bahrein";"Bahreyn";"Bahrein";"Bahrain";"Bahrain";;;;;;;;;;;;;
"BI";"Burundi";"Burundi";"Burundi";"Burundi";"Burundi";"Burundi";"Бурунди";"Burundi";"Burundi";"Burundi";"Burundi";"Burundi";"Burundi";;;;;;;;;;;;;
"BJ";"Benin";"Benín";"Benin";"Benin";"Bénin";"Benin";"Бенин";"Benin";"Benin";"Benin";"Benim";"Benin";"Benin";;;;;;;;;;;;;
"BL";"Saint Barthélemy";"San Bartolomé (Francia)";"Saint-Barthélemy (Insel)";"Saint-Barthélemy (Antille francesi)";"Saint-Barthélemy (Antilles françaises)";"San Bartolome";"Сент Бартелеми";"Saint Barthélemy";"Sint-Bartholomeus";"Saint Barthélemy";"São Bartolomeu (ilha)";"Saint-Barthélemy (ö)";"Saint-Barthélemy (Ø)";;;;;;;;;;;;;
"BM";"Bermuda";"Bermudas";"Bermuda";"Bermuda";"Bermudes";"Insulele Bermude";"Бермуды";"Bermuda";"Bermuda";"Bermuda";"Bermudas";"Bermuda";"Bermuda";;;;;;;;;;;;;
"BN";"Brunei";"Brunéi";"Brunei";"Brunei";"Brunei";"Brunei";"Бруней";"Brunei";"Brunei";"Brunei";"Brunei";"Brunei";"Brunei";;;;;;;;;;;;;
"BO";"Bolivia";"Bolivia";"Bolivien";"Bolivia";"Bolivie";"Bolivia";"Боливия";"Bolívia";"Bolivia";"Bolivya";"Bolívia";"Bolivia";"Bolivia";;;;;;;;;;;;;
"BR";"Brazil";"Brasil";"Brasilien";"Brasile";"Brésil";"Brazilia";"Бразилия";"Brazília";"Brazilië";"Brezilya";"Brasil";"Brasilien";"Brasilien";;;;;;;;;;;;;
"BS";"The Bahamas";"Bahamas";"Bahamas";"Bahamas";"Bahamas";"Bahamas";"Багамы";"Bahama-szigetek";"Bahama's";"Bahamalar";"Bahamas";"Bahamas";"Bahamas";;;;;;;;;;;;;
"BT";"Bhutan";"Bután";"Bhutan";"Bhutan";"Bhoutan";"Bhutan";"Бутан";"Bhután";"Bhutan";"Bhutan";"Butão";"Bhutan";"Bhutan";;;;;;;;;;;;;
"BV";"Bouvet Island";"Isla Bouvet";"Bouvetinsel";"Isola Bouvet";"Île Bouvet";"Insula Bouvet";"Остров Бувет";"Bouvet-sziget";"Bouvet";"Bouvet Adası";"Ilha Bouvet";"Bouvetön";"Bouvetøen";;;;;;;;;;;;;
"BW";"Botswana";"Botsuana";"Botsuana";"Botswana";"Botswana";"Botswana";"Ботсвана";"Botswana";"Botswana";"Botsvana";"Botsuana";"Botswana";"Botswana";;;;;;;;;;;;;
"BY";"Belarus";"Bielorrusia";"Weißrussland";"Bielorussia";"Biélorussie";"Belarus";"Белоруссия";"Fehéroroszország";"Wit-Rusland";"Beyaz Rusya";"Bielorrússia";"Vitryssland";"Hviderusland";;;;;;;;;;;;;
"BZ";"Belize";"Belice";"Belize";"Belize";"Belize";"Belize";"Белиз";"Belize";"Belize";"Belize";"Belize";"Belize";"Belize";;;;;;;;;;;;;
"CA";"Canada";"Canadá";"Kanada";"Canada";"Canada";"Canada";"Канада";"Kanada";"Canada";"Kanada";"Canadá";"Kanada";"Canada";;;;;;;;;;;;;
"CC";"Cocos (Keeling) Islands";"Islas Cocos";"Kokosinseln";"Isole Cocos e Keeling";"Îles Cocos";"Insulele Cocos";"Кокосовые острова";"Kókusz (Keeling)-szigetek";"Cocoseilanden";"Cocos (Keeling) Adaları";"Ilhas Cocos";"Kokosöarna";"Cocosøerne";;;;;;;;;;;;;
"CD";"Democratic Republic of the Congo";"República Democrática del Congo";"Demokratische Republik Kongo";"Repubblica Democratica del Congo";"République démocratique du Congo";"Republica democrată Congo";"Республика Конго";"Kongói Demokratikus Köztársaság";"Democratische Republiek Congo";"Demokratik Kongo Cumhuriyeti";"República Democrática do Congo";"Demokratiska Republiken Kongo";"Den Demokratiske Republik Congo";;;;;;;;;;;;;
"CF";"Central African Republic";"República Centroafricana";"Zentralafrikanische Republik";"Repubblica Centrafricana";"République centrafricaine";"Republica Centroafricană";"Центральноафриканская Республика";"Közép-afrikai Köztársaság";"Centraal-Afrikaanse Republiek";"Orta Afrika Cumhuriyeti";"República Centro-Africana";"Centralafrikanska republiken";"Den Centralafrikanske Republik";;;;;;;;;;;;;
"CG";"Republic of the Congo";"República del Congo";"Republik Kongo";"Repubblica del Congo";"République du Congo";"Republica Congo";"Республика Конго";"Kongói Köztársaság";"Republiek Congo";"Kongo Cumhuriyeti";"República do Congo";"Republiken Kongo";"Republikken Congo";;;;;;;;;;;;;
"CH";"Switzerland";"Suiza";"Schweiz";"Svizzera";"Suisse";"Elveția";"Швейцария";"Svájc";"Zwitserland";"İsviçre";"Suíça";"Schweiz";"Schweiz";;;;;;;;;;;;;
"CI";"Côte d'Ivoire";"Costa de Marfil";"Elfenbeinküste";"Costa d'Avorio";"Côte d'Ivoire";"Cote d Ivoire";"Кот-д’Ивуар";"Elefántcsontpart";"Ivoorkust";"Fildişi Sahilleri";"Costa do Marfim";"Elfenbenskusten";"Elfenbenskysten";;;;;;;;;;;;;
"CK";"Cook Islands";"Islas Cook";"Cookinseln";"Isole Cook";"Îles Cook";"Insula Cook";"Остров Кук";"Cook-szigetek";"Cookeilanden";"Cook Adaları";"Ilhas Cook";"Cooköarna";"Cookøerne";;;;;;;;;;;;;
"CL";"Chile";"Chile";"Chile";"Cile";"Chili";"Chili";"Чили";"Chile";"Chili";"Şili";"Chile";"Chile";"Chile";;;;;;;;;;;;;
"CM";"Cameroon";"Camerún";"Kamerun";"Camerun";"Cameroun";"Camerun";"Камерун";"Kamerun";"Kameroen";"Kamerun";"Camarões";"Kamerun";"Cameroun";;;;;;;;;;;;;
"CN";"People's Republic of China";"República Popular China";"Volksrepublik China";"Cina";"République populaire de Chine";"Republica populară Chineză";"Китайская Республика";"Kínai Népköztársaság";"Volksrepubliek China";"Çin Halk Cumhuriyeti";"República Popular da China";"Folkrepubliken Kina";"Folkerepublikken Kina";;;;;;;;;;;;;
"CO";"Colombia";"Colombia";"Kolumbien";"Colombia";"Colombie";"Columbia";"Колумбия";"Kolumbia";"Colombia";"Kolombiya";"Colômbia";"Colombia";"Colombia";;;;;;;;;;;;;
"CR";"Costa Rica";"Costa Rica";"Costa Rica";"Costa Rica";"Costa Rica";"Costa Rica";"Коста-Рика";"Costa Rica";"Costa Rica";"Kosta Rika";"Costa Rica";"Costa Rica";"Costa Rica";;;;;;;;;;;;;
"CU";"Cuba";"Cuba";"Kuba";"Cuba";"Cuba";"Cuba";"Куба";"Kuba";"Cuba";"Küba";"Cuba";"Kuba";"Cuba";;;;;;;;;;;;;
"CV";"Cape Verde";"Cabo Verde";"Kap Verde";"Capo Verde";"Cap-Vert";"Cape Verde";"Кабо-Верде";"Zöld-foki Köztársaság";"Kaapverdië";"Cape Verde";"Cabo Verde";"Kap Verde";"Kap Verde";;;;;;;;;;;;;
"CX";"Christmas Island";"Isla de Navidad";"Weihnachtsinsel (Australien)";"Isola del Natale";"Île Christmas (Australie)";"Christmas Island";"Остров Рождества";"Karácsony-sziget";"Christmaseiland";"Christmas Adası";"Ilha Christmas (Austrália)";"Julön (Australien)";"Juleøen (Australien)";;;;;;;;;;;;;
"CY";"Cyprus";"Chipre";"Republik Zypern";"Cipro";"Chypre (pays)";"Cipru";"Кипр";"Ciprus";"Cyprus";"Kıbrıs";"República de Chipre";"Republiken Cypern";"Republikken Cypern";;;;;;;;;;;;;
"CZ";"Czech Republic";"República Checa";"Tschechien";"Repubblica Ceca";"République tchèque";"Cehia";"Чешская Республика";"Cseh Köztársaság";"Tsjechische Republiek";"Çek Cumhuriyeti";"República Tcheca";"Tjeckien";"Tjekkiet";;;;;;;;;;;;;
"DE";"Germany";"Alemania";"Deutschland";"Germania";"Allemagne";"Germania";"Германия";"Németország";"Duitsland";"Almanya";"Alemanha";"Tyskland";"Tyskland";;;;;;;;;;;;;
"DJ";"Djibouti";"Yibuti";"Dschibuti";"Gibuti";"Djibouti";"Djibouti";"Джибути";"Dzsibuti";"Djibouti";"Cibuti";"Djibuti";"Djibouti";"Djibouti";;;;;;;;;;;;;
"DK";"Denmark";"Dinamarca";"Dänemark";"Danimarca";"Danemark";"Danemarca";"Дания";"Dánia";"Denemarken";"Danimarka";"Dinamarca";"Danmark";"Danmark";;;;;;;;;;;;;
"DM";"Dominica";"Dominica";"Dominica";"Dominica";"Dominique (pays)";"Dominica";"Доминика";"Dominika";"Dominica";"Dominika";"Dominica";"Dominica";"Dominica";;;;;;;;;;;;;
"DO";"Dominican Republic";"República Dominicana";"Dominikanische Republik";"Repubblica Dominicana";"République dominicaine";"Republica Dominicană";"Доминиканская Республика";"Dominikai Köztársaság";"Dominicaanse Republiek";"Dominik Cumhuriyeti";"República Dominicana";"Dominikanska Republiken";"Den Dominikanske Republik";;;;;;;;;;;;;
"DZ";"Algeria";"Argelia";"Algerien";"Algeria";"Algérie";"Algeria";"Алжир";"Algéria";"Algerije";"Cezayir";"Argélia";"Algeriet";"Algeriet";;;;;;;;;;;;;
"EC";"Ecuador";"Ecuador";"Ecuador";"Ecuador";"Équateur (pays)";"Ecuador";"Эквадор";"Ecuador";"Ecuador";"Ekvador";"Equador";"Ecuador";"Ecuador";;;;;;;;;;;;;
"EE";"Estonia";"Estonia";"Estland";"Estonia";"Estonie";"Estonia";"Эстония";"Észtország";"Estland";"Estonya";"Estônia";"Estland";"Estland";;;;;;;;;;;;;
"EG";"Egypt";"Egipto";"Ägypten";"Egitto";"Égypte";"Egipt";"Египет";"Egyiptom";"Egypte";"Mısır";"Egito";"Egypten";"Egypten";;;;;;;;;;;;;
"EH";"Western Sahara";"Sahara Occidental";"Westsahara";"Sahara Occidentale";"Sahara occidental";"Western Sahara";"Сахарская Арабская Демократическая Республика";"Nyugat-Szahara";"Westelijke Sahara";"Batı Sahra";"Sahara Ocidental";"Västsahara";"Vestsahara";;;;;;;;;;;;;
"ER";"Eritrea";"Eritrea";"Eritrea";"Eritrea";"Érythrée";"Eritrea";"Эритрея";"Eritrea";"Eritrea";"Eritrea";"Eritreia";"Eritrea";"Eritrea";;;;;;;;;;;;;
"ES";"Spain";"España";"Spanien";"Spagna";"Espagne";"Spania";"Испания";"Spanyolország";"Spanje";"İspanya";"Espanha";"Spanien";"Spanien";;;;;;;;;;;;;
"ET";"Ethiopia";"Etiopía";"Äthiopien";"Etiopia";"Éthiopie";"Ethiopia";"Эфиопия";"Etiópia";"Ethiopië";"Etiyopya";"Etiópia";"Etiopien";"Etiopien";;;;;;;;;;;;;
"FI";"Finland";"Finlandia";"Finnland";"Finlandia";"Finlande";"Finlanda";"Финляндия";"Finnország";"Finland";"Finlandiya";"Finlândia";"Finland";"Finland";;;;;;;;;;;;;
"FJ";"Fiji";"Fiyi";"Fidschi";"Figi";"Fidji";"Fidji";"Фиджи";"Fidzsi-szigetek";"Fiji";"Fiji";"Fiji";"Fiji";"Fiji";;;;;;;;;;;;;
"FK";"Falkland Islands";"Islas Malvinas";"Falklandinseln";"Isole Falkland";"Îles Malouines";"Insulele Malvine";"Мальвинские острова";"Falkland-szigetek";"Falklandeilanden";"Falkland Adaları";"Ilhas Malvinas";"Falklandsöarna";"Falklandsøerne";;;;;;;;;;;;;
"FM";"Federated States of Micronesia";"Estados Federados de Micronesia";"Föderierte Staaten von Mikronesien";"Stati Federati di Micronesia";"Micronésie (pays)";"Micronezia";"Микронезия";"Mikronéziai Szövetségi Államok";"Federale Staten van Micronesia";"Mikronezya Federe Devletleri";"Estados Federados da Micronésia";"Mikronesiska federationen";"Mikronesiens Forenede Stater";;;;;;;;;;;;;
"FO";"Faroe Islands";"Islas Feroe";"Färöer";"Isole Fær Øer";"Îles Féroé";"Insulele Feroe";"Фарерские острова";"Feröer-szigetek";"Faeröer";"Faroe Adaları";"Ilhas Faroé";"Färöarna";"Færøerne";;;;;;;;;;;;;
"FR";"France";"Francia";"Frankreich";"Francia";"France";"Franța";"Франция";"Franciaország";"Frankrijk";"Fransa";"França";"Frankrike";"Frankrig";;;;;;;;;;;;;
"GA";"Gabon";"Gabón";"Gabun";"Gabon";"Gabon";"Gabon";"Габон";"Gabon";"Gabon";"Gabon";"Gabão";"Gabon";"Gabon";;;;;;;;;;;;;
"GB";"United Kingdom";"Reino Unido";"Vereinigtes Königreich";"Regno Unito";"Royaume-Uni";"Marea Britanie";"Великобритания";"Egyesült Királyság";"Verenigd Koninkrijk";"Birleşik Krallık";"Reino Unido";"Storbritannien";"Storbritannien";;;;;;;;;;;;;
"GD";"Grenada";"Granada (país)";"Grenada";"Grenada";"Grenade (pays)";"Grenada";"Гренада";"Grenada";"Grenada";"Grenada";"Granada";"Grenada";"Grenada";;;;;;;;;;;;;
"GE";"Georgia";"Georgia";"Georgien";"Georgia";"Géorgie (pays)";"Georgia";"Грузия";"Grúzia";"Georgië";"Gürcistan";"Geórgia";"Georgien";"Georgien";;;;;;;;;;;;;
"GF";"French Guiana";"Guayana Francesa";"Französisch-Guayana";"Guyana francese";"Guyane";"Guiana";"Гайана";"Francia Guyana";"Frans-Guyana";"Fransız Guyanası";"Guiana Francesa";"Franska Guyana";"Fransk Guyana";;;;;;;;;;;;;
"GG";"Guernsey";"Guernsey";"Guernsey";"Guernsey";"Guernesey";"Guernsey";"Гернси";"Guernsey";"Guernsey";"Guernsey";"Guernesey";"Guernsey";"Guernsey";;;;;;;;;;;;;
"GH";"Ghana";"Ghana";"Ghana";"Ghana";"Ghana";"Ghana";"Гана";"Ghána";"Ghana";"Gana";"Gana";"Ghana";"Ghana";;;;;;;;;;;;;
"GI";"Gibraltar";"Gibraltar";"Gibraltar";"Gibilterra";"Gibraltar";"Gibraltar";"Гибралтар";"Gibraltár";"Gibraltar";"Cebelitarık";"Gibraltar";"Gibraltar";"Gibraltar";;;;;;;;;;;;;
"GL";"Greenland";"Groenlandia";"Grönland";"Groenlandia";"Groenland";"Groenlanda";"Гренландия";"Grönland";"Groenland";"Grönland";"Groenlândia";"Grönland";"Grønland";;;;;;;;;;;;;
"GM";"The Gambia";"Gambia";"Gambia";"Gambia";"Gambie";"Gambia";"Гамбия";"Gambia";"Gambia";"Gambiya Cumhuriyeti";"Gâmbia";"Gambia";"Gambia";;;;;;;;;;;;;
"GN";"Guinea";"Guinea";"Guinea";"Guinea";"Guinée";"Guinea";"Гвинея";"Guinea";"Guinee";"Gine";"Guiné";"Guinea";"Guinea";;;;;;;;;;;;;
"GP";"Guadeloupe";"Guadalupe (Francia)";"Guadeloupe";"Guadalupa";"Guadeloupe";"Guadeloupe";"Гваделупа";"Guadalupé";"Guadeloupe";"Guadeloupe";"Guadalupe";"Guadeloupe";"Guadeloupe";;;;;;;;;;;;;
"GQ";"Equatorial Guinea";"Guinea Ecuatorial";"Äquatorialguinea";"Guinea Equatoriale";"Guinée équatoriale";"Guinea Ecuatorială";"Гвинея";"Egyenlítői-Guinea";"Equatoriaal-Guinea";"Ekvator Ginesi";"Guiné Equatorial";"Ekvatorialguinea";"Ækvatorial Guinea";;;;;;;;;;;;;
"GR";"Greece";"Grecia";"Griechenland";"Grecia";"Grèce";"Grecia";"Греция";"Görögország";"Griekenland";"Yunanistan";"Grécia";"Grekland";"Grækenland";;;;;;;;;;;;;
"GS";"South Georgia and the South Sandwich Islands";"Islas Georgias del Sur y Sandwich del Sur";"Südgeorgien und die Südlichen Sandwichinseln";"Georgia del Sud e isole Sandwich meridionali";"Géorgie du Sud-et-les Îles Sandwich du Sud";"Georgia de Sud și insula Sandwich";"Южная Георгия и остров Сэндвич";"Dél-Georgia és Déli-Sandwich-szigetek";"Zuid-Georgia en de Zuidelijke Sandwicheilanden";"Güney Georgia ve Güney Sandwich Adaları";"Ilhas Geórgia do Sul e Sandwich do Sul";"Sydgeorgien och Sydsandwichöarna";"South Georgia og South Sandwich Islands";;;;;;;;;;;;;
"GT";"Guatemala";"Guatemala";"Guatemala";"Guatemala";"Guatemala";"Guatemala";"Гватемала";"Guatemala";"Guatemala";"Guatemala";"Guatemala";"Guatemala";"Guatemala";;;;;;;;;;;;;
"GU";"Guam";"Guam";"Guam";"Guam";"Guam";"Guam";"Гуам";"Guam";"Guam";"Guam";"Guame";"Guam";"Guam";;;;;;;;;;;;;
"GW";"Guinea-Bissau";"Guinea-Bissau";"Guinea-Bissau";"Guinea-Bissau";"Guinée-Bissau";"Guinea-Bissau";"Гвинея-Бисау";"Bissau-Guinea";"Guinee-Bissau";"Gine-Bissau";"Guiné-Bissau";"Guinea-Bissau";"Guinea-Bissau";;;;;;;;;;;;;
"GY";"Guyana";"Guyana";"Guyana";"Guyana";"Guyana";"Guyana";"Гайана";"Guyana";"Guyana";"Guyana";"Guiana";"Guyana";"Guyana";;;;;;;;;;;;;
"HK";"Hong Kong";"Hong Kong";"Hongkong";"Hong Kong";"Hong Kong";"Hong Kong";"Гонконг";"Hong Kong";"Hongkong";"Hong Kong";"Hong Kong";"Hong Kong";"Hong Kong";;;;;;;;;;;;;
"HM";"Heard Island and McDonald Islands";"Islas Heard y McDonald";"Heard und McDonaldinseln";"Isole Heard e McDonald";"Îles Heard-et-MacDonald";"Insulele Heard și McDonald";"Острова Херд и Макдональд";"Heard-sziget és McDonald-szigetek";"Heardeiland en McDonaldeilanden";"Heard Adası ve McDonald Adaları";"Ilhas Heard e Ilhas McDonald";"Heard- och McDonaldöarna";"Heard og McDonaldøerne";;;;;;;;;;;;;
"HN";"Honduras";"Honduras";"Honduras";"Honduras";"Honduras";"Honduras";"Гондурас";"Honduras";"Honduras";"Honduras";"Honduras";"Honduras";"Honduras";;;;;;;;;;;;;
"HR";"Croatia";"Croacia";"Kroatien";"Croazia";"Croatie";"Croația";"Хорватия";"Horvátország";"Kroatië";"Hırvatistan";"Croácia";"Kroatien";"Kroatien";;;;;;;;;;;;;
"HT";"Haiti";"Haití";"Haiti";"Haiti";"Haïti";"Haiti";"Гаити";"Haiti";"Haïti";"Haiti";"Haiti";"Haiti";"Haiti";;;;;;;;;;;;;
"HU";"Hungary";"Hungría";"Ungarn";"Ungheria";"Hongrie";"Ungaria";"Венгрия";"Magyarország";"Hongarije";"Macaristan";"Hungria";"Ungern";"Ungarn";;;;;;;;;;;;;
"ID";"Indonesia";"Indonesia";"Indonesien";"Indonesia";"Indonésie";"Indonezia";"Индонезия";"Indonézia";"Indonesië";"Endonezya";"Indonésia";"Indonesien";"Indonesien";;;;;;;;;;;;;
"IE";"Republic of Ireland";"Irlanda";"Irland";"Irlanda";"Irlande (pays)";"Irlanda";"Ирландия";"Írország";"Republiek Ierland";"İrlanda Cumhuriyeti";"Irlanda";"Irland";"Irland";;;;;;;;;;;;;
"IL";"Israel";"Israel";"Israel";"Israele";"Israël";"Israel";"Израиль";"Izrael";"Israël";"İsrail";"Israel";"Israel";"Israel";;;;;;;;;;;;;
"IM";"Isle of Man";"Isla de Man";"Isle of Man";"Isola di Man";"Île de Man";"Insula Man";"Остров Мэн";"Man";"Man";"Man Adası";"Ilha de Man";"Isle of Man";"Isle of Man";;;;;;;;;;;;;
"IN";"India";"India";"Indien";"India";"Inde";"India";"Индия";"India";"India";"Hindistan";"Índia";"Indien";"Indien";;;;;;;;;;;;;
"IO";"British Indian Ocean Territory";"Territorio Británico del Océano Índico";"Britisches Territorium im Indischen Ozean";"Territorio britannico dell'oceano Indiano";"Territoire britannique de l'océan Indien";"British Indian Ocean Territory";"Британская территория в Индийском океане";"Brit Indiai-óceáni Terület";"Brits Indische Oceaanterritorium";"Britanya Hint Okyanusu Toprakları";"Território Britânico do Oceano Índico";"Brittiska territoriet i Indiska oceanen";"British Indian Ocean Territory";;;;;;;;;;;;;
"IQ";"Iraq";"Iraq";"Irak";"Iraq";"Irak";"Irac";"Ирак";"Irak";"Irak";"Irak";"Iraque";"Irak";"Irak";;;;;;;;;;;;;
"IR";"Iran";"Irán";"Iran";"Iran";"Iran";"Iran";"Иран";"Irán";"Iran";"İran";"Irã";"Iran";"Iran";;;;;;;;;;;;;
"IS";"Iceland";"Islandia";"Island";"Islanda";"Islande";"Islanda";"Исландия";"Izland";"Ijsland";"İzlanda";"Islândia";"Island";"Island";;;;;;;;;;;;;
"IT";"Italy";"Italia";"Italien";"Italia";"Italie";"Italia";"Италия";"Olaszország";"Italië";"İtalya";"Itália";"Italien";"Italien";;;;;;;;;;;;;
"JE";"Jersey";"Jersey";"Jersey";"Isola di Jersey";"Jersey";"Jersey";"Джерси";"Jersey";"Jersey";"Jersey";"Jersey";"Jersey";"Jersey";;;;;;;;;;;;;
"JM";"Jamaica";"Jamaica";"Jamaika";"Giamaica";"Jamaïque";"Jamaica";"Ямайка";"Jamaica";"Jamaica";"Jamaika";"Jamaica";"Jamaica";"Jamaica";;;;;;;;;;;;;
"JO";"Jordan";"Jordania";"Jordanien";"Giordania";"Jordanie";"Iordania";"Иордания";"Jordánia";"Jordanië";"Ürdün";"Jordânia";"Jordanien";"Jordan";;;;;;;;;;;;;
"JP";"Japan";"Japón";"Japan";"Giappone";"Japon";"Japonia";"Япония";"Japán";"Japan";"Japonya";"Japão";"Japan";"Japan";;;;;;;;;;;;;
"KE";"Kenya";"Kenia";"Kenia";"Kenya";"Kenya";"Kenia";"Кения";"Kenya";"Kenia";"Kenya";"Quªenia";"Kenya";"Kenya";;;;;;;;;;;;;
"KG";"Kyrgyzstan";"Kirguistán";"Kirgisistan";"Kirghizistan";"Kirghizistan";"Kîrghizstan";"Киргизия";"Kirgizisztán";"Kirgizië";"Kırgızistan";"Quirguistão";"Kirgizistan";"Kirgisistan";;;;;;;;;;;;;
"KH";"Cambodia";"Camboya";"Kambodscha";"Cambogia";"Cambodge";"Cambogia";"Камбоджа";"Kambozsda";"Cambodja";"Kamboçya";"Camboja";"Kambodja";"Cambodja";;;;;;;;;;;;;
"KI";"Kiribati";"Kiribati";"Kiribati";"Kiribati";"Kiribati";"Kiribati";"Кирибати";"Kiribati";"Kiribati";"Kiribati";"Kiribati";"Kiribati";"Kiribati";;;;;;;;;;;;;
"KM";"Comoros";"Comoras";"Komoren";"Comore";"Comores (pays)";"Comore";"Коморы";"Comore-szigetek";"Comoren";"Komorlar";"Comores";"Komorerna";"Comorerne";;;;;;;;;;;;;
"KN";"Saint Kitts and Nevis";"San Cristóbal y Nieves";"St. Kitts und Nevis";"Saint Kitts e Nevis";"Saint-Christophe-et-Niévès";"Saint Kitts și Nevis";"Сент-Китс и Невис";"Saint Kitts és Nevis";"Saint Kitts en Nevis";"Saint Kitts ve Nevis";"São Cristóvão e Nevis";"St Kitts och Nevis";"St. Kitts og Nevis";;;;;;;;;;;;;
"KP";"North Korea";"Corea del Norte";"Nordkorea";"Corea del Nord";"Corée du Nord";"Coreea de nord";"Северная Корея";"Észak-Korea";"Noord-Korea";"Kuzey Kore";"Coreia do Norte";"Nordkorea";"Nordkorea";;;;;;;;;;;;;
"KR";"South Korea";"Corea del Sur";"Südkorea";"Corea del Sud";"Corée du Sud";"Coreea de sud";"Южная Корея";"Dél-Korea";"Zuid-Korea";"Güney Kore";"Coreia do Sul";"Sydkorea";"Sydkorea";;;;;;;;;;;;;
"KW";"Kuwait";"Kuwait";"Kuwait";"Kuwait";"Koweït";"Kuwait";"Кувейт";"Kuvait";"Koeweit";"Kuveyt";"Kuwait";"Kuwait";"Kuwait";;;;;;;;;;;;;
"KY";"Cayman Islands";"Islas Caimán";"Kaimaninseln";"Isole Cayman";"Îles Caïmans";"Insulele Caiman";"Каймановы острова";"Kajmán-szigetek";"Kaaimaneilanden";"Cayman Adaları";"Ilhas Caimã";"Caymanöarna";"Caymanøerne";;;;;;;;;;;;;
"KZ";"Kazakhstan";"Kazajistán";"Kasachstan";"Kazakistan";"Kazakhstan";"Kazahstan";"Казахстан";"Kazahsztán";"Kazachstan";"Kazakistan";"Cazaquistão";"Kazakstan";"Kasakhstan";;;;;;;;;;;;;
"LA";"Laos";"Laos";"Laos";"Laos";"Laos";"Laos";"Лаос";"Laosz";"Laos";"Laos";"Laos";"Laos";"Laos";;;;;;;;;;;;;
"LB";"Lebanon";"Líbano";"Libanon";"Libano";"Liban";"Liban";"Ливан";"Libanon";"Libanon";"Lübnan";"Líbano";"Libanon";"Libanon";;;;;;;;;;;;;
"LC";"Saint Lucia";"Santa Lucía";"St. Lucia";"Santa Lucia (stato)";"Sainte-Lucie";"Santa Lucía";"Санта Лучия";"Saint Lucia";"Saint Lucia";"Saint Lucia";"Santa Lúcia";"St. Lucia";"St. Lucia";;;;;;;;;;;;;
"LI";"Liechtenstein";"Liechtenstein";"Liechtenstein";"Liechtenstein";"Liechtenstein";"Liechtenstein";"Лихтенштейн";"Liechtenstein";"Liechtenstein";"Lihtenştayn";"Liechtenstein";"Liechtenstein";"Liechtenstein";;;;;;;;;;;;;
"LK";"Sri Lanka";"Sri Lanka";"Sri Lanka";"Sri Lanka";"Sri Lanka";"Sri Lanka";"Шри-Ланка";"Srí Lanka";"Sri Lanka";"Sri Lanka";"Sri Lanka";"Sri Lanka";"Sri Lanka";;;;;;;;;;;;;
"LR";"Liberia";"Liberia";"Liberia";"Liberia";"Liberia";"Liberia";"Либерия";"Libéria";"Liberia";"Liberya";"Libéria";"Liberia";"Liberia";;;;;;;;;;;;;
"LS";"Lesotho";"Lesoto";"Lesotho";"Lesotho";"Lesotho";"Lesotho";"Лесото";"Lesotho";"Lesotho";"Lesotho";"Lesoto";"Lesotho";"Lesotho";;;;;;;;;;;;;
"LT";"Lithuania";"Lituania";"Litauen";"Lituania";"Lituanie";"Lituania";"Литва";"Litvánia";"Litouwen";"Litvanya";"Lituânia";"Litauen";"Litauen";;;;;;;;;;;;;
"LU";"Luxembourg";"Luxemburgo";"Luxemburg";"Lussemburgo";"Luxembourg (pays)";"Luxemburg";"Люксембург";"Luxemburg";"Luxemburg";"Lüksemburg";"Luxemburgo";"Luxemburg";"Luxembourg";;;;;;;;;;;;;
"LV";"Latvia";"Letonia";"Lettland";"Lettonia";"Lettonie";"Letonia";"Латвия";"Lettország";"Letland";"Letonya";"Letônia";"Lettland";"Letland";;;;;;;;;;;;;
"LY";"Libya";"Libia";"Libyen";"Libia";"Libye";"Libia";"Ливия";"Líbia";"Libië";"Libya";"Líbia";"Libyen";"Libyen";;;;;;;;;;;;;
"MA";"Morocco";"Marruecos";"Marokko";"Marocco";"Maroc";"Moroc";"Марокко";"Marokkó";"Marokko";"Fas";"Marrocos";"Marocko";"Marokko";;;;;;;;;;;;;
"MC";"Monaco";"Mónaco";"Monaco";"Principato di Monaco";"Monaco";"Monaco";"Монако";"Monaco";"Monaco";"Monako";"Mônaco";"Monaco";"Monaco";;;;;;;;;;;;;
"MD";"Moldova";"Moldavia";"Moldawien";"Moldavia";"Moldavie";"Moldova";"Молдавия";"Moldova";"Moldavië";"Moldova";"Moldávia";"Moldavien";"Moldova";;;;;;;;;;;;;
"ME";"Montenegro";"Montenegro";"Montenegro";"Montenegro";"Monténégro";"Muntenegro";"Черногория";"Montenegró";"Montenegro";"Karadağ";"Montenegro";"Montenegro";"Montenegro";;;;;;;;;;;;;
"MF";"Collectivity of Saint Martin";"San Martín (Francia)";"Saint Martín (Frankreich)";"Saint-Martin (Francia)";"Saint-Martin (Antilles françaises)";"Saint-Martin";"Сен-Мартен";"Saint-Martin";"Sint Maarten";"Saint Martin Kolektivitesi";"Saint Martin (França)";"Saint Martin (Frankrike)";"Saint Martin (Frankrig)";;;;;;;;;;;;;
"MG";"Madagascar";"Madagascar";"Madagaskar";"Madagascar";"Madagascar";"Madagascar";"Мадагаскар";"Madagaszkár";"Madagascar";"Madagaskar";"Madagáscar";"Madagaskar";"Madagaskar";;;;;;;;;;;;;
"MH";"Marshall Islands";"Islas Marshall";"Marshallinseln";"Isole Marshall";"Îles Marshall";"Insulele Marșal";"Маршалловы Острова";"Marshall-szigetek";"Marshalleilanden";"Marshall Adaları";"Ilhas Marshall";"Marshallöarna";"Marshalløerne";;;;;;;;;;;;;
"MK";"Republic of Macedonia";"República de Macedonia";"Mazedonien";"Repubblica di Macedonia";"Macédoine (pays)";"Macedonia";"Македония";"Macedón Köztársaság";"Republiek Macedonië";"Makedonya Cumhuriyeti";"Macedônia";"Makedonien";"Makedonien";;;;;;;;;;;;;
"ML";"Mali";"Malí";"Mali";"Mali";"Mali";"Mali";"Мали";"Mali";"Mali";"Mali";"Mali";"Mali";"Mali";;;;;;;;;;;;;
"MM";"Myanmar";"Birmania";"Myanmar";"Birmania";"Birmanie";"Birmania";"Мьянма";"Mianmar";"Myanmar";"Myanmar";"Mianmar";"Myanmar";"Myanmar";;;;;;;;;;;;;
"MN";"Mongolia";"Mongolia";"Mongolei";"Mongolia";"Mongolie";"Mongolia";"Монголия";"Mongólia";"Mongolië";"Moğolistan";"Mongólia";"Mongoliet";"Mongoliet";;;;;;;;;;;;;
"MO";"Macau";"Macao";"Macao";"Macao";"Macao";"Macao";"Макао";"Makaó";"Macau";"Makao";"Macau";"Macao";"Macao";;;;;;;;;;;;;
"MP";"Northern Mariana Islands";"Islas Marianas del Norte";"Nördliche Marianen";"Isole Marianne Settentrionali";"Îles Mariannes du Nord";"Insulele Marianele de Nord";"Северные Марианские острова";"Északi-Mariana-szigetek";"Noordelijke Marianen";"Kuzey Mariana Adaları";"Ilhas Marianas do Norte";"Nordmarianerna";"Nordmarianerne";;;;;;;;;;;;;
"MQ";"Martinique";"Martinica";"Martinique";"Martinica";"Martinique";"Martinic";"Мартиника";"Martinique";"Martinique";"Martinik";"Martinica";"Martinique";"Martinique";;;;;;;;;;;;;
"MR";"Mauritania";"Mauritania";"Mauretanien";"Mauritania";"Mauritanie";"Mauritania";"Мавритания";"Mauritánia";"Mauritanië";"Moritanya";"Mauritânia";"Mauretanien";"Mauretanien";;;;;;;;;;;;;
"MS";"Montserrat";"Montserrat";"Montserrat";"Montserrat (isola)";"Montserrat";"Montserrat";"Монтсеррат";"Montserrat";"Montserrat";"Montserrat";"Montserrat";"Montserrat";"Montserrat";;;;;;;;;;;;;
"MT";"Malta";"Malta";"Malta";"Malta";"Malte";"Malta";"Мальта";"Málta";"Malta";"Malta";"Malta";"Malta";"Malta";;;;;;;;;;;;;
"MU";"Mauritius";"Mauricio";"Mauritius";"Mauritius";"Maurice (pays)";"Maurițius";"Маврикий";"Mauritius";"Mauritius";"Mauritius";"Maurício";"Mauritius";"Mauritius";;;;;;;;;;;;;
"MV";"Maldives";"Maldivas";"Malediven";"Maldive";"Maldives";"Maldive";"Мальдивы";"Maldív-szigetek";"Maladiven";"Maldivler";"Maldivas";"Maldiverna";"Maldiverne";;;;;;;;;;;;;
"MW";"Malawi";"Malaui";"Malawi";"Malawi";"Malawi";"Malavi";"Малави";"Malawi";"Malawi";"Malavi";"Malawi";"Malawi";"Malawi";;;;;;;;;;;;;
"MX";"Mexico";"México";"Mexiko";"Messico";"Mexique";"Mexic";"Мексика";"Mexikó";"Mexico";"Meksika";"México";"Mexiko";"Mexico";;;;;;;;;;;;;
"MY";"Malaysia";"Malasia";"Malaysia";"Malesia";"Malaisie";"Malaesia";"Малайзия";"Malajzia";"Maleisië";"Malezya";"Malásia";"Malaysia";"Malaysia";;;;;;;;;;;;;
"MZ";"Mozambique";"Mozambique";"Mosambik";"Mozambico";"Mozambique";"Mozambic";"Мозамбик";"Mozambik";"Mozambique";"Mozambik";"Moçambique";"Moçambique";"Mozambique";;;;;;;;;;;;;
"NA";"Namibia";"Namibia";"Namibia";"Namibia";"Namibie";"Namibia";"Намибия";"Namíbia";"Namibië";"Namibya";"Namíbia";"Namibia";"Namibia";;;;;;;;;;;;;
"NC";"New Caledonia";"Nueva Caledonia";"Neukaledonien";"Nuova Caledonia";"Nouvelle-Calédonie";"Nuoa Caledonie";"Новая Каледония";"Új-Kaledónia";"Nieuw-Caledonië";"Yeni Kaledonya ";"Nova Caledônia";"Nya Kaledonien";"Ny Kaledonien";;;;;;;;;;;;;
"NE";"Niger";"Níger";"Niger";"Niger";"Niger";"Niger";"Нигер";"Niger";"Niger";"Nijer";"Nigéria";"Niger";"Niger";;;;;;;;;;;;;
"NF";"Norfolk Island";"Isla Norfolk";"Norfolkinsel";"Isola Norfolk";"Île Norfolk";"Insula Norfolk";"Остров Норфолк";"Norfolk-sziget";"Norfolkeiland";"Norfolk Adası";"Ilha Norfolk";"Norfolkön";"Norfolk Island";;;;;;;;;;;;;
"NG";"Nigeria";"Nigeria";"Nigeria";"Nigeria";"Nigeria";"Nigeria";"Нигерия";"Nigéria";"Nigeria";"Nijerya";"Nigéria";"Nigeria";"Nigeria";;;;;;;;;;;;;
"NI";"Nicaragua";"Nicaragua";"Nicaragua";"Nicaragua";"Nicaragua";"Nicaragua";"Никарагуа";"Nicaragua";"Nicaragua";"Nikaragua";"Nicarágua";"Nicaragua";"Nicaragua";;;;;;;;;;;;;
"NL";"Netherlands";"Países Bajos";"Niederlande";"Paesi Bassi";"Pays-Bas";"Olanda";"Голландия";"Hollandia";"Nederland";"Hollanda";"Holanda";"Nederländerna";"Holland";;;;;;;;;;;;;
"NO";"Norway";"Noruega";"Norwegen";"Norvegia";"Norvège";"Norvegia";"Норвегия";"Norvégia";"Noorwegen";"Norveç";"Noruega";"Norge";"Norge";;;;;;;;;;;;;
"NP";"Nepal";"Nepal";"Nepal";"Nepal";"Népal";"Nepal";"Непал";"Nepál";"Nepal";"Nepal";"Nepal";"Nepal";"Nepal";;;;;;;;;;;;;
"NR";"Nauru";"Nauru";"Nauru";"Nauru";"Nauru";"Nauru";"Науру";"Nauru";"Nauru";"Nauru";"Nauru";"Nauru";"Nauru";;;;;;;;;;;;;
"NU";"Niue";"Niue";"Niue";"Niue";"Niue";"Niue";"Ниуэ";"Niue";"Niue";"Niue";"Niue";"Niue";"Niue";;;;;;;;;;;;;
"NZ";"New Zealand";"Nueva Zelanda";"Neuseeland";"Nuova Zelanda";"Nouvelle-Zélande";"Nuoa Zelandă";"Новая Зеландия";"Új-Zéland";"Nieuw-Zeeland";"Yeni Zelanda";"Nova Zelândia";"Nya Zeeland";"New Zealand";;;;;;;;;;;;;
"OM";"Oman";"Omán";"Oman";"Oman";"Oman";"Oman";"Оман";"Omán";"Oman";"Umman";"Omã";"Oman";"Oman";;;;;;;;;;;;;
"PA";"Panama";"Panamá";"Panama";"Panamá";"Panamá";"Panama";"Панама";"Panama";"Panama";"Panama";"Panamá";"Panama";"Panama";;;;;;;;;;;;;
"PE";"Peru";"Perú";"Peru";"Perù";"Pérou";"Peru";"Перу";"Peru";"Peru";"Peru";"Peru";"Peru";"Peru";;;;;;;;;;;;;
"PF";"French Polynesia";"Polinesia Francesa";"Französisch-Polynesien";"Polinesia francese";"Polynésie française";"Polinesia Franceză";"Французская Полинезия";"Francia Polinézia";"Frans-Polynesië";"Fransız Polinezyası";"Polinésia Francesa";"Franska Polynesien";"Fransk Polynesien";;;;;;;;;;;;;
"PG";"Papua New Guinea";"Papúa Nueva Guinea";"Papua-Neuguinea";"Papua Nuova Guinea";"Papouasie-Nouvelle-Guinée";"Papua Nuoa Guinee";"Папуа — Новая Гвинея";"Pápua Új-Guinea";"Papoea-Nieuw-Guinea";"Papua Yeni Gine";"Papua Nova-Guiné";"Papua Nya Guinea";"Papua Ny Guinea";;;;;;;;;;;;;
"PH";"Philippines";"Filipinas";"Philippinen";"Filippine";"Philippines";"Filippine";"Филиппины";"Fülöp-szigetek";"Filipijnen";"Filipinler";"Filipinas";"Filippinerna";"Filippinerne";;;;;;;;;;;;;
"PK";"Pakistan";"Pakistán";"Pakistan";"Pakistan";"Pakistan";"Pakistan";"Пакистан";"Pakisztán";"Pakistan";"Pakistan";"Paquistão";"Pakistan";"Pakistan";;;;;;;;;;;;;
"PL";"Poland";"Polonia";"Polen";"Polonia";"Pologne";"Polonia";"Польша";"Lengyelország";"Polen";"Polonya";"Polônia";"Polen";"Polen";;;;;;;;;;;;;
"PM";"Saint Pierre and Miquelon";"San Pedro y Miquelón";"Saint-Pierre und Miquelon";"Saint-Pierre e Miquelon";"Saint-Pierre-et-Miquelon";"Saint Pierre și Miquelon";"Сен-Пьер и Микелон";"Saint Pierre és Miquelon";"Saint-Pierre en Miquelon";"Saint Pierre ve Miquelon";"Saint-Pierre e Miquelon";"Saint-Pierre och Miquelon";"Saint-Pierre og Miquelon";;;;;;;;;;;;;
"PN";"Pitcairn Islands";"Islas Pitcairn";"Pitcairninseln";"Isole Pitcairn";"Îles Pitcairn";"Insulele Pitcairn";"Острова Питкэрн";"Pitcairn-szigetek";"Pitcairneilanden";"Pitcairn Adaları";"Ilhas Pitcairn";"Pitcairnöarna";"Pitcairn";;;;;;;;;;;;;
"PR";"Puerto Rico";"Puerto Rico";"Puerto Rico";"Porto Rico";"Porto Rico";"Puerto Rico";"Пуэрто-Рико";"Puerto Rico";"Puerto Rico";"Porto Riko";"Porto Rico";"Puerto Rico";"Puerto Rico";;;;;;;;;;;;;
"PS";"Palestinian territories";"Territorios Palestinos";"Palästinensische Autonomiegebiete";"Territori palestinesi";"Territoires palestiniens";"Territoriu palestinian";"Палестинская национальная администрация";"Palesztin területek";"Palestijnse Gebieden";"Filistin toprakları";"Territórios Palestinos";"Palestinska territorierna";"De Palæstinensiske Selvstyreområder";;;;;;;;;;;;;
"PT";"Portugal";"Portugal";"Portugal";"Portogallo";"Portugal";"Portugalia";"Португалия";"Portugália";"Portugal";"Portekiz";"Portugal";"Portugal";"Portugal";;;;;;;;;;;;;
"PW";"Palau";"Palaos";"Palau";"Palau (stato)";"Palaos";"Palau";"Палау";"Palau";"Palau";"Palau";"Palau";"Palau";"Palau";;;;;;;;;;;;;
"PY";"Paraguay";"Paraguay";"Paraguay";"Paraguay";"Paraguay";"Paraguay";"Парагвай";"Paraguay";"Paraguay";"Paraguay";"Paraguai";"Paraguay";"Paraguay";;;;;;;;;;;;;
"QA";"Qatar";"Qatar";"Katar";"Qatar";"Qatar";"Qatar";"Катар";"Katar";"Qatar";"Katar";"Catar";"Qatar";"Qatar";;;;;;;;;;;;;
"RE";"Réunion";"La Reunión (departamento de Francia)";"Réunion";"Riunione";"La Réunion";"Réunion";"Реюньон";"Réunion";"Réunion";"Réunion";"Reunião";"Réunion";"Réunion";;;;;;;;;;;;;
"RO";"Romania";"Rumania";"Rumänien";"Romania";"Roumanie";"România";"Румыния";"Románia";"Roemenië";"Romanya";"Romênia";"Rumänien";"Rumænien";;;;;;;;;;;;;
"RS";"Serbia";"Serbia";"Serbien";"Serbia";"Serbie";"Serbia";"Сербия";"Szerbia";"Servië";"Sırbistan";"Sérvia";"Serbien";"Serbien";;;;;;;;;;;;;
"RU";"Russia";"Rusia";"Russland";"Russia";"Russie";"Russia";"Россия";"Oroszország";"Rusland";"Rusya";"Rússia";"Ryssland";"Rusland";;;;;;;;;;;;;
"RW";"Rwanda";"Ruanda";"Ruanda";"Ruanda";"Rwanda";"Ruanda";"Руанда";"Ruanda";"Rwanda";"Ruanda";"Ruanda";"Rwanda";"Rwanda";;;;;;;;;;;;;
"SA";"Saudi Arabia";"Arabia Saudita";"Saudi-Arabien";"Arabia Saudita";"Arabie saoudite";"Arabia Saudită";"Саудовская Аравия";"Szaúd-Arábia";"Saoedi-Arabië";"Suudi Arabistan";"Arábia Saudita";"Saudiarabien";"Saudi-Arabien";;;;;;;;;;;;;
"SB";"Solomon Islands";"Islas Salomón";"Salomonen";"Isole Salomone";"Salomon (pays)";"Insulele Salomon";"Соломоновы Острова";"Salamon-szigetek";"Solomoneilanden";"Solomon Adaları";"Ilhas Salomão";"Salomonöarna";"Solomonøerne";;;;;;;;;;;;;
"SC";"Seychelles";"Seychelles";"Seychellen";"Seychelles";"Seychelles";"Seychelles";"Сейшельские Острова";"Seychelle-szigetek";"Seychellen";"Seyşeller";"Seychelles";"Seychellerna";"Seychellerne";;;;;;;;;;;;;
"SD";"Sudan";"Sudán";"Sudan";"Sudan";"Soudan";"Sudan";"Судан";"Szudán";"Soedan";"Sudan";"Sudão";"Sudan";"Sudan";;;;;;;;;;;;;
"SE";"Sweden";"Suecia";"Schweden";"Svezia";"Suède";"Suedia";"Швеция";"Svédország";"Zweden";"İsveç";"Suécia";"Sverige";"Sverige";;;;;;;;;;;;;
"SG";"Singapore";"Singapur";"Singapur";"Singapore";"Singapour";"Singapore";"Сингапур";"Szingapúr";"Singapore";"Singapur";"Singapura";"Singapore";"Singapore";;;;;;;;;;;;;
"SH";"Saint Helena";" Ascension and Tristan da Cunha";"Santa Helena";" Ascensión y Tristán de Acuña";"St. Helena";" Ascension und Tristan da Cunha";"Santo Helena";" Ascension e Tristan da Cunha";"Sainte-Hélène";" Ascension et Tristan da Cunha";"Sf. Helena";" Ascension și Tristan da Cunha";"Острова Вознесения";" Святой Елены и Тристан-да-Кунья";"Szent Ilona";" Ascension és Tristan da Cunha";"Saint Helena";" Ascension en Tristan da Cunha";"Saint Helena";" Ascension ve Tristan da Cunha";"Santa Helena";" Ascensão e Tristão da Cunha";"Saint Helena";" Ascension och Tristan da Cunha";"Saint Helena";" Ascension og Tristan da Cunha"
"SI";"Slovenia";"Eslovenia";"Slowenien";"Slovenia";"Slovénie";"Slovenia";"Словения";"Szlovénia";"Slovenië";"Slovenya";"Eslovênia";"Slovenien";"Slovenien";;;;;;;;;;;;;
"SJ";"Svalbard and Jan Mayen";"Svalbard y Jan Mayen";"Svalbard und Jan Mayen";"Svalbard e Jan Mayen";"Svalbard et Jan Mayen";"Svalbard și Jan Mayen";"Свальбард";"Svalbard- és Jan Mayen-szigetek";"Svalbard en Jan Mayen";"Svalbard ve Jan Mayen";"Svalbard e Jan Mayen";"Svalbard och Jan Mayen";"Svalbard og Jan Mayen";;;;;;;;;;;;;
"SK";"Slovakia";"Eslovaquia";"Slowakei";"Slovacchia";"Slovaquie";"Slovacia";"Словакия";"Szlovákia";"Slowakije";"Slovakya";"Eslováquia";"Slovakien";"Slovakiet";;;;;;;;;;;;;
"SL";"Sierra Leone";"Sierra Leona";"Sierra Leone";"Sierra Leone";"Sierra Leone";"Sierra Leone";"Сьерра-Леоне";"Sierra Leone";"Sierra Leone";"Sierra Leone Cumhuriyeti";"Serra Leoa";"Sierra Leone";"Sierra Leone";;;;;;;;;;;;;
"SM";"San Marino";"San Marino";"San Marino";"San Marino";"Saint-Marin";"San Marino";"Сан-Марино";"San Marino";"San Marino";"San Marino";"São Marino";"San Marino";"San Marino";;;;;;;;;;;;;
"SN";"Senegal";"Senegal";"Senegal";"Senegal";"Sénégal";"Senegal";"Сенегал";"Szenegál";"Senegal";"Senegal";"Senegal";"Senegal";"Senegal";;;;;;;;;;;;;
"SO";"Somalia";"Somalia";"Somalia";"Somalia";"Somalie";"Somalia";"Сомали";"Szomália";"Somalië";"Somali";"Somália";"Somalia";"Somalia";;;;;;;;;;;;;
"SR";"Suriname";"Surinam";"Suriname";"Suriname";"Suriname";"Suriname";"Суринам";"Suriname";"Suriname";"Surinam";"Suriname";"Surinam";"Surinam";;;;;;;;;;;;;
"SS";"South Sudan";"Sudán del Sur";"Südsudan";"Sudan del Sud";"Soudan du Sud";"Sudanul de Sud";"Южный Судан";"Dél-Szudán";"Zuid-Soedan";"Güney Sudan";"Sudão do Sul";"Sydsudan";"Sydsudan";;;;;;;;;;;;;
"ST";"São Tomé and Príncipe";"Santo Tomé y Príncipe";"São Tomé und Príncipe";"São Tomé e Príncipe";"Sao Tomé-et-Principe";"San Tome și Príncipe";"Сан-Томе и Принсипи";"São Tomé és Príncipe";"São Tomé en Príncipe";"São Tomé ve Príncipe";"São Tomé e Príncipe";"São Tomé och Príncipe";"São Tomé og Príncipe";;;;;;;;;;;;;
"SV";"El Salvador";"El Salvador";"El Salvador";"El Salvador";"Salvador";"Salvador";"Эль-Сальвадор";"El Salvador";"El Salvador";"El Salvador";"Salvador";"El Salvador";"El Salvador";;;;;;;;;;;;;
"SY";"Syria";"Siria";"Syrien";"Siria";"Syrie";"Siria";"Сирия";"Szíria";"Syrië";"Suriye";"Síria";"Syrien";"Syrien";;;;;;;;;;;;;
"SZ";"Swaziland";"Suazilandia";"Swasiland";"Swaziland";"Swaziland";"Suazilanda";"Свазиленд";"Szváziföld";"Swaziland";"Svaziland";"Suazilândia";"Swaziland";"Swaziland";;;;;;;;;;;;;
"TC";"Turks and Caicos Islands";"Islas Turcas y Caicos";"Turks- und Caicosinseln";"Turks e Caicos";"Îles Turques-et-Caïques";"Turks și Caicos";"Тёркс и Кайкос";"Turks- és Caicos-szigetek";"Turks- en Caicoseilanden";"Turks ve Caicos Adaları";"Ilhas Turcas e Caicos";"Turks- och Caicosöarna";"Turks-og Caicosøerne";;;;;;;;;;;;;
"TD";"Chad";"Chad";"Tschad";"Ciad";"Tchad";"Chad";"Чад";"Csád";"Tsjaad";"Çad";"Chade";"Tchad";"Tchad";;;;;;;;;;;;;
"TF";"French Southern and Antarctic Lands";"Tierras Australes y Antárticas Francesas";"Französische Süd- und Antarktisgebiete";"Terre australi e antartiche francesi";"Terres australes et antarctiques françaises";"French Southern and Antarctic Lands";"Французские Южные и Антарктические Территории";"Francia déli és antarktiszi területek";"Franse Zuidelijke en Antarctische Gebieden";"Fransız Güney ve Antarktik Toprakları";"Terras Austrais e Antárticas Francesas";"Franska sydliga och antarktiska områdena";"Franske sydlige og antarktiske territorier";;;;;;;;;;;;;
"TG";"Togo";"Togo";"Togo";"Togo";"Togo";"Togo";"Того";"Togo";"Togo";"Togo";"Togo";"Togo";"Togo";;;;;;;;;;;;;
"TH";"Thailand";"Tailandia";"Thailand";"Thailandia";"Thaïlande";"Tailanda";"Таиланд";"Thaiföld";"Thailand";"Tayland";"Tailândia";"Thailand";"Thailand";;;;;;;;;;;;;
"TJ";"Tajikistan";"Tayikistán";"Tadschikistan";"Tagikistan";"Tadjikistan";"Tadjikistan";"Таджикистан";"Tádzsikisztán";"Tadzjikistan";"Tacikistan";"Tajiquistão";"Tadzjikistan";"Tadsjikistan";;;;;;;;;;;;;
"TK";"Tokelau";"Tokelau";"Tokelau";"Tokelau";"Tokelau";"Tokelau";"Токелау";"Tokelau-szigetek";"Tokelau";"Tokelau";"Tokelau";"Tokelauöarna";"Tokelau";;;;;;;;;;;;;
"TL";"East Timor";"Timor Oriental";"Osttimor";"Timor Est";"Timor oriental";"Timorul de est";"Восточный Тимор";"Kelet-Timor";"Oost-Timor";"Doğu Timor";"Timor-Leste";"Östtimor";"Østtimor";;;;;;;;;;;;;
"TM";"Turkmenistan";"Turkmenistán";"Turkmenistan";"Turkmenistan";"Turkménistan";"Turkmenistan";"Туркмения";"Türkmenisztán";"Turkmenistan";"Türkmenistan";"Turquemenistão";"Turkmenistan";"Turkmenistan";;;;;;;;;;;;;
"TN";"Tunisia";"Túnez";"Tunesien";"Tunisia";"Tunisie";"Tunisia";"Тунис";"Tunézia";"Tunesië";"Tunus";"Tunísia";"Tunisien";"Tunesien";;;;;;;;;;;;;
"TO";"Tonga";"Tonga";"Tonga";"Tonga";"Tonga";"Tonga";"Тонга";"Tonga";"Tonga";"Tonga";"Tonga";"Tonga";"Tonga";;;;;;;;;;;;;
"TR";"Turkey";"Turquía";"Türkei";"Turchia";"Turquie";"Turcia";"Турция";"Törökország";"Turkije";"Türkiye";"Turquia";"Turkiet";"Tyrkiet";;;;;;;;;;;;;
"TT";"Trinidad and Tobago";"Trinidad y Tobago";"Trinidad und Tobago";"Trinidad e Tobago";"Trinité-et-Tobago";"Trinidad și Tobago";"Тринидад и Тобаго";"Trinidad és Tobago";"Trinidad en Tobago";"Trinidad ve Tobago";"Trindade e Tobago";"Trinidad och Tobago";"Trinidad og Tobago";;;;;;;;;;;;;
"TV";"Tuvalu";"Tuvalu";"Tuvalu";"Tuvalu";"Tuvalu";"Tuvalu";"Тувалу";"Tuvalu";"Tuvalu";"Tuvalu";"Tuvalu";"Tuvalu";"Tuvalu";;;;;;;;;;;;;
"TW";"Taiwan";"Isla de Taiwán";"Taiwan";"Isola di Taiwan";"Taïwan";"Taiwan";"Тайвань";"Tajvan";"Taiwan";"Tayvan";"Taiwan";"Taiwan";"Taiwan";;;;;;;;;;;;;
"TZ";"Tanzania";"Tanzania";"Tansania";"Tanzania";"Tanzanie";"Tanzania";"Танзания";"Tanzánia";"Tanzania";"Tanzanya";"Tanzânia";"Tanzania";"Tanzania";;;;;;;;;;;;;
"UA";"Ukraine";"Ucrania";"Ukraine";"Ucraina";"Ukraine";"Ucraina";"Украина";"Ukrajna";"Oekraïne";"Ukrayna";"Ucrânia";"Ukraina";"Ukraine";;;;;;;;;;;;;
"UG";"Uganda";"Uganda";"Uganda";"Uganda";"Ouganda";"Uganda";"Уганда";"Uganda";"Oeganda";"Uganda";"Uganda";"Uganda";"Uganda";;;;;;;;;;;;;
"UM";"United States Minor Outlying Islands";"Islas Ultramarinas de Estados Unidos";"United States Minor Outlying Islands";"Isole minori esterne degli Stati Uniti d'America";"Îles mineures éloignées des États-Unis";"Minor Outlying Islands";"Домены Малых Отдаленных островов";"Az Amerikai Egyesült Államok lakatlan külbirtokai";"Kleine afgelegen eilanden van de Verenigde Staten";"ABD Küçük Dış Adaları";"Ilhas Menores Distantes dos Estados Unidos";"Förenta staternas avlägset belägna öar";"Mindre Amerikanske Oversøiske Øer";;;;;;;;;;;;;
"US";"United States of America";"Estados Unidos";"Vereinigte Staaten";"Stati Uniti d'America";"États-Unis";"Statele Unite";"Соединённые Штаты";"Amerikai Egyesült Államok";"Verenigde Staten";"Amerika Birleşik Devletleri";"Estados Unidos";"USA";"USA";;;;;;;;;;;;;
"UY";"Uruguay";"Uruguay";"Uruguay";"Uruguay";"Uruguay";"Uruguay";"Уругвай";"Uruguay";"Uruguay";"Uruguay";"Uruguai";"Uruguay";"Uruguay";;;;;;;;;;;;;
"UZ";"Uzbekistan";"Uzbekistán";"Usbekistan";"Uzbekistan";"Ouzbékistan";"Uzbekistan";"Узбекистан";"Üzbegisztán";"Oezbekistan";"Özbekistan";"Uzbequistão";"Uzbekistan";"Usbekistan";;;;;;;;;;;;;
"VA";"Vatican City";"Ciudad del Vaticano";"Vatikanstadt";"Città del Vaticano";"Vatican";"Vatican";"Ватикан";"Vatikán";"Vaticaanstad";"Vatikan";"Vaticano";"Vatikanstaten";"Vatikanstaten";;;;;;;;;;;;;
"VC";"Saint Vincent and the Grenadines";"San Vicente y las Granadinas";"St. Vincent und die Grenadinen";"Saint Vincent e Grenadine";"Saint-Vincent-et-les Grenadines";"Saint Vincent și Grenadine";"Сент-Винсент и Гренадины";"Saint Vincent és a Grenadine-szigetek";"Saint Vincent en de Grenadines";"Saint Vincent ve Grenadinler";"São Vicente e Granadinas";"St Vincent och Grenadinerna";"Saint Vincent og Grenadinerne";;;;;;;;;;;;;
"VE";"Venezuela";"Venezuela";"Venezuela";"Venezuela";"Venezuela";"Venezuela";"Венесуэла";"Venezuela";"Venezuela";"Venezuela";"Venezuela";"Venezuela";"Venezuela";;;;;;;;;;;;;
"VG";"British Virgin Islands";"Islas Vírgenes Británicas";"Britische Jungferninseln";"Isole Vergini britanniche";"Îles Vierges britanniques";"Insulele Virgine Britanice";"Британские Виргинские острова";"Brit Virgin-szigetek";"Britse Maagdeneilanden";"Britanya Virjin Adaları";"Ilhas Virgens Britânicas";"Brittiska Jungfruöarna";"Britiske Jomfruøer";;;;;;;;;;;;;
"VI";"United States Virgin Islands";"Islas Vírgenes de los Estados Unidos";"Amerikanische Jungferninseln";"Isole Vergini americane";"Îles Vierges des États-Unis";"Insulele Virgine Americane";"Американские Виргинские острова";"Amerikai Virgin-szigetek";"Amerikaanse Maagdeneilanden";"ABD Virgin Adaları";"Ilhas Virgens dos Estados Unidos";"Amerikanska Jungfruöarna";"Amerikanske Jomfruøer";;;;;;;;;;;;;
"VN";"Vietnam";"Vietnam";"Vietnam";"Vietnam";"Viêt Nam";"Vietnam";"Вьетнам";"Vietnam";"Vietnam";"Vietnam";"Vietname";"Vietnam";"Vietnam";;;;;;;;;;;;;
"VU";"Vanuatu";"Vanuatu";"Vanuatu";"Vanuatu";"Vanuatu";"Vanuatu";"Вануату";"Vanuatu";"Vanuatu";"Vanuatu";"Vanuatu";"Vanuatu";"Vanuatu";;;;;;;;;;;;;
"WF";"Wallis and Futuna";"Wallis y Futuna";"Wallis und Futuna";"Wallis e Futuna";"Wallis-et-Futuna";"Wallis și Futuna";"Уоллис и Футуна";"Wallis és Futuna";"Wallis en Futuna";"Wallis ve Futuna Adaları";"Wallis e Futuna";"Wallis- och Futunaöarna";"Wallis og Futuna";;;;;;;;;;;;;
"WS";"Samoa";"Samoa";"Samoa";"Samoa";"Samoa";"Samoa";"Самоа";"Szamoa";"Samoa";"Samoa";"Samoa";"Samoa";"Samoa";;;;;;;;;;;;;
"YE";"Yemen";"Yemen";"Jemen";"Yemen";"Yémen";"Yemen";"Йемен";"Jemen";"Jemen";"Yemen";"Iêmen";"Jemen";"Yemen";;;;;;;;;;;;;
"YT";"Mayotte";"Mayotte";"Mayotte";"Mayotte";"Mayotte";"Mayotte";"Майотта";"Mayotte";"Mayotte";"Mayotte";"Mayotte";"Mayotte";"Mayotte";;;;;;;;;;;;;
"ZA";"South Africa";"Sudáfrica";"Südafrika";"Sudafrica";"Afrique du Sud";"Africa de Sud";"ЮАР";"Dél-afrikai Köztársaság";"Zuid-Afrika";"Güney Afrika";"África do Sul";"Sydafrika";"Sydafrika";;;;;;;;;;;;;
"ZM";"Zambia";"Zambia";"Sambia";"Zambia";"Zambie";"Zambia";"Замбия";"Zambia";"Zambia";"Zambiya";"Zâmbia";"Zambia";"Zambia";;;;;;;;;;;;;
"ZW";"Zimbabwe";"Zimbabue";"Simbabwe";"Zimbabwe";"Zimbabwe";"Zimbabwe";"Зимбабве";"Zimbabwe";"Zimbabwe";"Zimbabve";"Zimbábue";"Zimbabwe";"Zimbabwe";;;;;;;;;;;;;
"USAL";"Alabama";"Alabama";"Alabama";"Alabama";"Alabama";"Alabama";"Алабама";"Alabama";"Alabama";"Alabama";"Alabama";"Alabama";"Alabama";;;;;;;;;;;;;
"USAK";"Alaska";"Alaska";"Alaska";"Alaska";"Alaska";"Alaska";"Аляска";"Alaszka";"Alaska";"Alaska";"Alasca";"Alaska";"Alaska";;;;;;;;;;;;;
"USAZ";"Arizona";"Arizona";"Arizona";"Arizona";"Arizona";"Arizona";"Аризона";"Arizona";"Arizona";"Arizona";"Arizona";"Arizona";"Arizona";;;;;;;;;;;;;
"USAR";"Arkansas";"Arkansas";"Arkansas";"Arkansas";"Arkansas";"Arkansas";"Арканзас";"Arkansas";"Arkansas";"Arkansas";"Arkansas";"Arkansas";"Arkansas";;;;;;;;;;;;;
"USCA";"California";"California";"Kalifornien";"Californie";"California";"California";"Калифорния";"Kalifornia";"Californië";"Kaliforniya";"Califórnia";"Kalifornien";"Californien";;;;;;;;;;;;;
"USCO";"Colorado";"Colorado";"Colorado";"Colorado";"Colorado";"Colorado";"Колорадо";"Colorado";"Colorado";"Colorado";"Colorado";"Colorado";"Colorado";;;;;;;;;;;;;
"USCT";"Connecticut";"Connecticut";"Connecticut";"Connecticut";"Connecticut";"Connecticut";"Коннектикут";"Connecticut";"Connecticut";"Connecticut";"Connecticut";"Connecticut";"Connecticut";;;;;;;;;;;;;
"USDE";"Delaware";"Delaware";"Delaware";"Delaware";"Delaware";"Delaware";"Делавэр";"Delaware";"Delaware";"Delaware";"Delaware";"Delaware";"Delaware";;;;;;;;;;;;;
"USDC";"District of Columbia";"Distrito de Columbia";"District of Columbia";"District de Columbia";"Distretto di Columbia";"District of Columbia";"Округ Колумбия";"Columbia Kerület";"District of Columbia";"Columbia Bölgesi";"Distrito de Columbia";"District of Columbia";"District of Columbia";;;;;;;;;;;;;
"USFL";"Florida";"Florida";"Florida";"Floride";"Florida";"Florida";"Флорида";"Florida";"Florida";"Florida";"Flórida";"Florida";"Florida";;;;;;;;;;;;;
"USGA";"Georgia";"Georgia";"Georgia";"Géorgie";"Georgia";"Georgia";"Джорджия";"Georgia";"Georgië";"Gürcistan";"Geórgia";"Georgia";"Georgia";;;;;;;;;;;;;
"USHI";"Hawaii";"Hawái";"Hawaii";"Hawaï";"Hawaii";"Hawaii";"Гавайи";"Hawaii";"Hawaii";"Hawaii";"Havaí";"Hawaii";"Hawaii";;;;;;;;;;;;;
"USID";"Idaho";"Idaho";"Idaho";"Idaho";"Idaho";"Idaho";"Айдахо";"Idaho";"Idaho";"Idaho";"Idaho";"Idaho";"Idaho";;;;;;;;;;;;;
"USIL";"Illinois";"Illinois";"Illinois";"Illinois";"Illinois";"Illinois";"Иллинойс";"Illinois";"Illinois";"Illinois";"Illinois";"Illinois";"Illinois";;;;;;;;;;;;;
"USIN";"Indiana";"Indiana";"Indiana";"Indiana";"Indiana";"Indiana";"Индиана";"Indiana";"Indiana";"Indiana";"Indiana";"Indiana";"Indiana";;;;;;;;;;;;;
"USIA";"Iowa";"Iowa";"Iowa";"Iowa";"Iowa";"Iowa";"Айова";"Iowa";"Iowa";"Iowa";"Iowa";"Iowa";"Iowa";;;;;;;;;;;;;
"USKS";"Kansas";"Kansas";"Kansas";"Kansas";"Kansas";"Kansas";"Канзас";"Kansas";"Kansas";"Kansas";"Kansas";"Kansas";"Kansas";;;;;;;;;;;;;
"USKY";"Kentucky";"Kentucky";"Kentucky";"Kentucky";"Kentucky";"Kentucky";"Кентукки";"Kentucky";"Kentucky";"Kentucky";"Kentucky";"Kentucky";"Kentucky";;;;;;;;;;;;;
"USLA";"Louisiana";"Luisiana";"Louisiana";"Louisiane";"Louisiana";"Louisiana";"Луизиана";"Louisiana";"Louisiana";"Louisiana";"Louisiana";"Louisiana";"Louisiana";;;;;;;;;;;;;
"USME";"Maine";"Maine";"Maine";"Maine";"Maine";"Maine";"Мэн";"Maine";"Maine";"Maine";"Maine";"Maine";"Maine";;;;;;;;;;;;;
"USMD";"Maryland";"Maryland";"Maryland";"Maryland";"Maryland";"Maryland";"Мэриленд";"Maryland";"Maryland";"Maryland";"Maryland";"Maryland";"Maryland";;;;;;;;;;;;;
"USMA";"Massachusetts";"Massachusetts";"Massachusetts";"Massachusetts";"Massachusetts";"Massachusetts";"Массачусетс";"Massachusetts";"Massachusetts";"Massachusetts";"Massachusetts";"Massachusetts";"Massachusetts";;;;;;;;;;;;;
"USMI";"Michigan";"Míchigan";"Michigan";"Michigan";"Michigan";"Michigan";"Мичиган";"Michigan";"Michigan";"Michigan";"Michigan";"Michigan";"Michigan";;;;;;;;;;;;;
"USMN";"Minnesota";"Minnesota";"Minnesota";"Minnesota";"Minnesota";"Minnesota";"Миннесота";"Minnesota";"Minnesota";"Minnesota";"Minnesota";"Minnesota";"Minnesota";;;;;;;;;;;;;
"USMS";"Mississippi";"Misisipi";"Mississippi";"État du Mississippi";"Mississippi";"Mississippi";"Миссисипи";"Mississippi";"Mississippi";"Mississippi";"Mississippi";"Mississippi";"Mississippi";;;;;;;;;;;;;
"USMO";"Missouri";"Misuri";"Missouri";"Missouri";"Missouri";"Missouri";"Миссури";"Missouri";"Missouri";"Missouri";"Missouri";"Missouri";"Missouri";;;;;;;;;;;;;
"USMT";"Montana";"Montana";"Montana";"Montana";"Montana";"Montana";"Монтана";"Montana";"Montana";"Montana";"Montana";"Montana";"Montana";;;;;;;;;;;;;
"USNE";"Nebraska";"Nebraska";"Nebraska";"Nebraska";"Nebraska";"Nebraska";"Небраска";"Nebraska";"Nebraska";"Nebraska";"Nebraska";"Nebraska";"Nebraska";;;;;;;;;;;;;
"USNV";"Nevada";"Nevada";"Nevada";"Nevada";"Nevada";"Nevada";"Невада";"Nevada";"Nevada";"Nevada";"Nevada";"Nevada";"Nevada";;;;;;;;;;;;;
"USNH";"New Hampshire";"Nuevo Hampshire";"New Hampshire";"New Hampshire";"New Hampshire";"New Hampshire";"Нью-Гэмпшир";"New Hampshire";"New Hampshire";"New Hampshire";"New Hampshire";"New Hampshire";"New Hampshire";;;;;;;;;;;;;
"USNJ";"New Jersey";"Nueva Jersey";"New Jersey";"New Jersey";"New Jersey";"New Jersey";"Нью-Джерси";"New Jersey";"New Jersey";"New Jersey";"Nova Jersey";"New Jersey";"New Jersey";;;;;;;;;;;;;
"USNM";"New Mexico";"Nuevo México";"New Mexico";"Nouveau-Mexique";"Nuovo Messico";"New Mexico";"Нью-Мексико";"Új-Mexikó";"New Mexico";"New Mexico";"Novo México";"New Mexico";"New Mexico";;;;;;;;;;;;;
"USNY";"New York";"Nueva York";"New York";"État de New York";"New York";"New York";"Нью-Йорк";"New York";"New York";"New York";"Nova Iorque";"New York";"New York";;;;;;;;;;;;;
"USNC";"North Carolina";"Carolina del Norte";"North Carolina";"Caroline du Nord";"Carolina del Nord";"Carolina de Nord";"Северная Каролина";"Észak-Karolina";"North Carolina";"Kuzey Karolina";"Carolina do Norte";"North Carolina";"North Carolina";;;;;;;;;;;;;
"USND";"North Dakota";"Dakota del Norte";"North Dakota";"Dakota du Nord";"Dakota del Nord";"Dakota de Nord";"Северная Дакота";"Észak-Dakota";"North Dakota";"Kuzey Dakota";"Dakota do Norte";"North Dakota";"North Dakota";;;;;;;;;;;;;
"USOH";"Ohio";"Ohio";"Ohio";"Ohio";"Ohio";"Ohio";"Огайо";"Ohio";"Ohio";"Ohio";"Ohio";"Ohio";"Ohio";;;;;;;;;;;;;
"USOK";"Oklahoma";"Oklahoma";"Oklahoma";"Oklahoma";"Oklahoma";"Oklahoma";"Оклахома";"Oklahoma";"Oklahoma";"Oklahoma";"Oklahoma";"Oklahoma";"Oklahoma";;;;;;;;;;;;;
"USOR";"Oregon";"Oregón";"Oregon";"Oregon";"Oregon";"Oregon";"Орегон";"Oregon";"Oregon";"Oregon";"Oregon";"Oregon";"Oregon";;;;;;;;;;;;;
"USPA";"Pennsylvania";"Pensilvania";"Pennsylvania";"Pennsylvanie";"Pennsylvania";"Pennsylvanie";"Пенсильвания";"Pennsylvania";"Pennsylvania";"Pensilvanya";"Pensilvânia";"Pennsylvania";"Pennsylvania";;;;;;;;;;;;;
"USRI";"Rhode Island";"Rhode Island";"Rhode Island";"Rhode Island";"Rhode Island";"Rhode Island";"Род-Айленд";"Rhode Island";"Rhode Island";"Rhode Adası";"Rhode Island";"Rhode Island";"Rhode Island";;;;;;;;;;;;;
"USSC";"South Carolina";"Carolina del Sur";"South Carolina";"Caroline du Sud";"Carolina del Sud";"Carolina de Sud";"Южная Каролина";"Dél-Karolina";"South Carolina";"Güney Karolina";"Carolina do Sul";"South Carolina";"South Carolina";;;;;;;;;;;;;
"USSD";"South Dakota";"Dakota del Sur";"South Dakota";"Dakota du Sud";"Dakota del Sud";"Dakota de Sud";"Южная Дакота";"Dél-Dakota";"South Dakota";"Güney Dakota";"Dakota do Sul";"South Dakota";"South Dakota";;;;;;;;;;;;;
"USPR";"Puerto Rico";"Puerto Rico";"Puerto Rico";"Porto Rico";"Porto Rico";"Puerto Rico";"Пуэрто-Рико";"Puerto Rico";"Puerto Rico";"Porto Riko";"Porto Rico";"Puerto Rico";"Puerto Rico";;;;;;;;;;;;;
"USTN";"Tennessee";"Tennessee";"Tennessee";"Tennessee";"Tennessee";"Tennessee";"Теннесси";"Tennessee";"Tennessee";"Tennessee";"Tennessee";"Tennessee";"Tennessee";;;;;;;;;;;;;
"USTX";"Texas";"Texas";"Texas";"Texas";"Texas";"Texas";"Техас";"Texas";"Texas";"Teksas";"Texas";"Texas";"Texas";;;;;;;;;;;;;
"USUT";"Utah";"Utah";"Utah";"Utah";"Utah";"Utah";"Юта";"Utah";"Utah";"Utah";"Utah";"Utah";"Utah";;;;;;;;;;;;;
"USVT";"Vermont";"Vermont";"Vermont";"Vermont";"Vermont";"Vermont";"Вермонт";"Vermont";"Vermont";"Vermont";"Vermont";"Vermont";"Vermont";;;;;;;;;;;;;
"USVA";"Virginia";"Virginia";"Virginia";"Virginie";"Virginia";"Virginia";"Виргиния";"Virginia";"Virginia";"Virjinya";"Virgínia";"Virginia";"Virginia";;;;;;;;;;;;;
"USVI";"US Virgin Islands";"Islas Vírgenes";"Jungferninseln";"Îles Vierges britanniques";"Isole Vergini Statunitensi";"Insulele Virgine Americane";"Американские Виргинские острова";"Amerikai Virgin-szigetek";"Amerikaanse Maagdeneilanden";"ABD Virgin Adaları";"Ilhas Virgens";"Jungfruöarna";"Jomfruøerne";;;;;;;;;;;;;
"USWA";"Washington";"Washington";"Washington";"État de Washington";"Washington";"Washington";"Вашингтон";"Washington";"Washington";"Vaşington";"Washington";"Washington";"Washington";;;;;;;;;;;;;
"USWV";"West Virginia";"Virginia Occidental";"West Virginia";"Virginie-Occidentale";"Virginia Occidentale";"Virginia de Vest";"Западная Виргиния";"Nyugat-Virginia";"West Virginia";"Batı Virjinya";"Virgínia Ocidental";"West Virginia";"West Virginia";;;;;;;;;;;;;
"USWI";"Wisconsin";"Wisconsin";"Wisconsin";"Wisconsin";"Wisconsin";"Wisconsin";"Висконсин";"Wisconsin";"Wisconsin";"Wisconsin";"Wisconsin";"Wisconsin";"Wisconsin";;;;;;;;;;;;;
"USWY";"Wyoming";"Wyoming";"Wyoming";"Wyoming";"Wyoming";"Wyoming";"Вайоминг";"Wyoming";"Wyoming";"Wyoming";"Wyoming";"Wyoming";"Wyoming";;;;;;;;;;;;;
"AF";"Africa";"África";"Afrika";"Africa";"Afrique";"Africa";"Африка";"Afrika";"Afrika";"Afrika";"África";"Afrika";"Afrika";;;;;;;;;;;;;
"AN";"Antarctica";"Antártida";"Antarktika";"Antartide";"Antarctique";"Antarctica";"Антарктида";"Antarktisz";"Antarctica";"Antarktika";"Antártida";"Antarktis";"Antarktis";;;;;;;;;;;;;
"AS";"Asia";"Asia";"Asien";"Asia";"Asie";"Asia";"Азия";"Ázsia";"Azië";"Asya";"Ásia";"Asien";"Asien";;;;;;;;;;;;;
"EU";"Europe";"Europa";"Europa";"Europa";"Europe";"Europa";"Европа";"Európa";"Europa";"Avrupa";"Europa";"Europa";"Europa";;;;;;;;;;;;;
"NA";"North America";"América del Norte";"Nordamerika";"America del Nord";"Amérique du Nord";"America de Nord";"Северная Америка";"Észak-Amerika";"Noord-Amerika";"Kuzey Amerika";"América do Norte";"Nordamerika";"Nordamerika";;;;;;;;;;;;;
"OC";"Oceania";"Oceanía";"Ozeanien";"Oceania";"Océanie";"Oceania";"Океания";"Óceánia";"Oceanië";"Okyanusya";"Oceânia";"Oceanien";"Oceanien";;;;;;;;;;;;;
"SA";"South America";"América del Sur";"Südamerika";"America del Sud";"Amérique du Sud";"America de Sud";"Южная Америка";"Dél-Amerika";"Zuid-Amerika";"Güney Amerika";"América do Sul";"Sydamerika";"Sydamerika";;;;;;;;;;;;;
